fish,block,lake,sample_date,trap,DOY,year,peaktemp,dailytemp,DSI,tot_mass,tot_dip_mass,tot_mass_m2,dip_mass_m2,tot_nd_mass,presence,total,total_dip,tot_m2,dip_m2,total_nd,tot_per,dip_per,nd_per
1,2,H2P,2019-07-23,S1 emerg trap,204,2019,16.832,9.561391304347826,7,1.144666461643074,1.144666461643074,4.30087107406383,4.30087107406383,0,0,1,1,3.75731378369406,3.75731378369406,0,1.144666461643074,1.144666461643074,0
1,2,H2P,2019-07-23,S2-emerg.,204,2019,16.832,9.561391304347826,7,4.578665846572296,4.578665846572296,17.20348429625532,17.20348429625532,0,0,4,4,15.02925513477624,15.02925513477624,0,1.144666461643074,1.144666461643074,0
1,2,H2P,2019-07-23,SE,204,2019,16.832,9.561391304347826,7,1.144666461643074,1.144666461643074,4.30087107406383,4.30087107406383,0,0,1,1,3.75731378369406,3.75731378369406,0,1.144666461643074,1.144666461643074,0
1,2,H2P,2019-07-23,SW,204,2019,16.832,9.561391304347826,7,1.2231737661554891,1.2231737661554891,4.595847651428994,4.595847651428994,0,0,2,2,7.51462756738812,7.51462756738812,0,0.6115868830777446,0.6115868830777446,0
0,3,H3A,2019-08-01,E-littoral,213,2019,17.717826923076924,15.861191489361705,16,24.002288216882025,9.963046841697972,90.18412835748836,37.434293225901364,14.039241375184053,1,13,10,48.84507918802278,37.5731378369406,3,1.846329862837079,0.9963046841697972,4.679747125061351
0,3,H3A,2019-08-01,E-shore,213,2019,17.717826923076924,15.861191489361705,16,17.007125480973805,3.9956987114397946,63.90110699067735,15.013093843981334,13.01142676953401,1,4,3,15.02925513477624,11.27194135108218,1,4.251781370243451,1.3318995704799315,13.01142676953401
0,3,H3A,2019-08-01,N-littoral,213,2019,17.717826923076924,15.861191489361705,16,14.09998141754829,14.09998141754829,52.978054529984306,52.978054529984306,0,0,12,12,45.08776540432872,45.08776540432872,0,1.1749984514623575,1.1749984514623575,0
0,3,H3A,2019-08-01,NW-shore,213,2019,17.717826923076924,15.861191489361705,16,58.263807133879936,14.549779700216561,218.9154056346194,54.66808781733572,43.714027433663375,1,17,13,63.87433432279902,48.84507918802278,4,3.4272827725811728,1.1192138230935818,10.928506858415844
0,3,H3A,2019-08-01,S-shore,213,2019,17.717826923076924,15.861191489361705,16,7.334285428661307,2.654538303599957,27.557211734655628,9.973933357459964,4.6797471250613505,1,7,6,26.30119648585842,22.54388270216436,1,1.0477550612373296,0.44242305059999276,4.6797471250613505
0,3,H3A,2019-08-01,W,213,2019,17.717826923076924,15.861191489361705,16,4.934758420728147,4.934758420728147,18.541435833402197,18.541435833402197,0,0,5,5,18.7865689184703,18.7865689184703,0,0.9869516841456293,0.9869516841456293,0
1,3,H3P,2019-08-01,E-littoral,213,2019,17.264115384615383,13.843468085106382,12,0.716032352958541,0.716032352958541,2.6903582293420163,2.6903582293420163,0,0,1,1,3.75731378369406,3.75731378369406,0,0.716032352958541,0.716032352958541,0
1,3,H3P,2019-08-01,N-littoral,213,2019,17.264115384615383,13.843468085106382,12,7.155397014132451,7.155397014132451,26.88507182900318,26.88507182900318,0,0,7,7,26.30119648585842,26.30119648585842,0,1.0221995734474931,1.0221995734474931,0
1,3,H3P,2019-08-01,S-littoral,213,2019,17.264115384615383,13.843468085106382,12,34.39072011503436,34.39072011503436,129.2167267193832,129.2167267193832,0,0,15,15,56.3597067554109,56.3597067554109,0,2.2927146743356244,2.2927146743356244,0
1,3,H3P,2019-08-01,W-littoral,213,2019,17.264115384615383,13.843468085106382,12,3.2796663584812538,3.2796663584812538,12.322735614639319,12.322735614639319,0,0,2,2,7.51462756738812,7.51462756738812,0,1.6398331792406267,1.6398331792406267,0
0,2,H2A,2019-08-03,E-littoral,215,2019,15.69176923076923,10.612875,9,4.578665846572296,4.578665846572296,17.20348429625532,17.20348429625532,0,0,4,4,15.02925513477624,15.02925513477624,0,1.144666461643074,1.144666461643074,0
0,2,H2A,2019-08-03,E-shore,215,2019,15.69176923076923,10.612875,9,7.5840311228169845,7.5840311228169845,28.495584673724995,28.495584673724995,0,0,7,7,26.30119648585842,26.30119648585842,0,1.0834330175452835,1.0834330175452835,0
0,2,H2A,2019-08-03,N-littoral,215,2019,15.69176923076923,10.612875,9,6.241649212494742,6.241649212494742,23.451834619089666,23.451834619089666,0,0,6,6,22.54388270216436,22.54388270216436,0,1.0402748687491234,1.0402748687491234,0
0,2,H2A,2019-08-03,N-shore,215,2019,15.69176923076923,10.612875,9,4.663936653183664,4.663936653183664,17.523873473282926,17.523873473282926,0,0,3,3,11.27194135108218,11.27194135108218,0,1.5546455510612216,1.5546455510612216,0
0,2,H2A,2019-08-03,S-littoral,215,2019,15.69176923076923,10.612875,9,9.24351798508664,9.24351798508664,34.73079753518998,34.73079753518998,0,0,13,13,48.84507918802278,48.84507918802278,0,0.7110398450066646,0.7110398450066646,0
0,2,H2A,2019-08-03,S-shore,215,2019,15.69176923076923,10.612875,9,7.659835317081548,7.659835317081548,28.78040481769706,28.78040481769706,0,0,14,14,52.60239297171684,52.60239297171684,0,0.5471310940772535,0.5471310940772535,0
0,2,H2A,2019-08-03,W-littoral,215,2019,15.69176923076923,10.612875,9,24.944750488836686,24.944750488836686,93.72525484251523,93.72525484251523,0,0,30,30,112.7194135108218,112.7194135108218,0,0.831491682961223,0.831491682961223,0
0,2,H2A,2019-08-03,W-shore,215,2019,15.69176923076923,10.612875,9,1.554950712838115,1.554950712838115,5.842437746311554,5.842437746311554,0,0,3,3,11.27194135108218,11.27194135108218,0,0.5183169042793717,0.5183169042793717,0
1,2,H2P,2019-08-03,E-littoral,215,2019,16.832,12.4625625,18,12.25716437761749,12.25716437761749,46.05401266502602,46.05401266502602,0,0,21,21,78.90358945757526,78.90358945757526,0,0.5836744941722615,0.5836744941722615,0
1,2,H2P,2019-08-03,E-shore,215,2019,16.832,12.4625625,18,11.453428118529693,11.453428118529693,43.034123340300745,43.034123340300745,0,0,8,8,30.05851026955248,30.05851026955248,0,1.4316785148162117,1.4316785148162117,0
1,2,H2P,2019-08-03,N-littoral,215,2019,16.832,12.4625625,18,14.818308065111752,14.818308065111752,55.67703314406924,55.67703314406924,0,0,22,22,82.66090324126932,82.66090324126932,0,0.6735594575050796,0.6735594575050796,0
1,2,H2P,2019-08-03,N-shore,215,2019,16.832,12.4625625,18,14.75078498713335,14.75078498713335,55.42332775246355,55.42332775246355,0,0,20,20,75.1462756738812,75.1462756738812,0,0.7375392493566675,0.7375392493566675,0
1,2,H2P,2019-08-03,S-littoral,215,2019,16.832,12.4625625,18,25.951019975437926,25.951019975437926,97.5061250546328,97.5061250546328,0,0,32,32,120.23404107820993,120.23404107820993,0,0.8109693742324351,0.8109693742324351,0
1,2,H2P,2019-08-03,S-shore,215,2019,16.832,12.4625625,18,8.411265087689932,8.411265087689932,31.603762252282007,31.603762252282007,0,0,12,12,45.08776540432872,45.08776540432872,0,0.7009387573074943,0.7009387573074943,0
1,2,H2P,2019-08-03,W,215,2019,16.832,12.4625625,18,17.16999692464611,17.16999692464611,64.51306611095745,64.51306611095745,0,0,15,15,56.3597067554109,56.3597067554109,0,1.1446664616430742,1.1446664616430742,0
1,2,H2P,2019-08-03,W-shore,215,2019,16.832,12.4625625,18,5.742788915583954,5.742788915583954,21.577459949369057,21.577459949369057,0,0,10,10,37.5731378369406,37.5731378369406,0,0.5742788915583954,0.5742788915583954,0
0,1,H1A,2019-08-04,E-littoral,216,2019,14.12001923076923,9.194734693877551,10,14.872344644415584,14.872344644415584,55.880065528311206,55.880065528311206,0,0,15,15,56.3597067554109,56.3597067554109,0,0.9914896429610389,0.9914896429610389,0
0,1,H1A,2019-08-04,E-shore,216,2019,14.12001923076923,9.194734693877551,10,4.146535234234974,4.146535234234974,15.579833990164145,15.579833990164145,0,0,8,8,30.05851026955248,30.05851026955248,0,0.5183169042793717,0.5183169042793717,0
0,1,H1A,2019-08-04,N-littoral,216,2019,14.12001923076923,9.194734693877551,10,34.3569026045396,34.3569026045396,129.089663721071,129.089663721071,0,0,25,25,93.9328445923515,93.9328445923515,0,1.374276104181584,1.374276104181584,0
0,1,H1A,2019-08-04,N-shore,216,2019,14.12001923076923,9.194734693877551,10,3.433999384929222,3.433999384929222,12.902613222191489,12.902613222191489,0,0,3,3,11.27194135108218,11.27194135108218,0,1.144666461643074,1.144666461643074,0
0,1,H1A,2019-08-04,S-littoral,216,2019,14.12001923076923,9.194734693877551,10,6.867998769858444,6.867998769858444,25.805226444382978,25.805226444382978,0,0,6,6,22.54388270216436,22.54388270216436,0,1.144666461643074,1.144666461643074,0
0,1,H1A,2019-08-04,S-shore,216,2019,14.12001923076923,9.194734693877551,10,12.770581916660179,12.770581916660179,47.9830834612614,47.9830834612614,0,0,16,16,60.11702053910496,60.11702053910496,0,0.7981613697912612,0.7981613697912612,0
0,1,H1A,2019-08-04,W-littoral,216,2019,14.12001923076923,9.194734693877551,10,13.735997539716887,13.735997539716887,51.610452888765955,51.610452888765955,0,0,12,12,45.08776540432872,45.08776540432872,0,1.144666461643074,1.144666461643074,0
0,1,H1A,2019-08-04,W-shore,216,2019,14.12001923076923,9.194734693877551,10,0,0,0,0,0,0,0,0,0,0,0,0,0,0
1,1,H1P,2019-08-04,E-littoral,216,2019,14.12001923076923,9.194734693877551,7,4.578665846572296,4.578665846572296,17.20348429625532,17.20348429625532,0,0,4,4,15.02925513477624,15.02925513477624,0,1.144666461643074,1.144666461643074,0
1,1,H1P,2019-08-04,N-littoral,216,2019,14.12001923076923,9.194734693877551,7,4.585429348671249,4.585429348671249,17.22889689591776,17.22889689591776,0,0,2,2,7.51462756738812,7.51462756738812,0,2.2927146743356244,2.2927146743356244,0
1,1,H1P,2019-08-04,W-littoral,216,2019,14.12001923076923,9.194734693877551,7,6.874762271957397,6.874762271957397,25.83063904404542,25.83063904404542,0,0,4,4,15.02925513477624,15.02925513477624,0,1.7186905679893492,1.7186905679893492,0
0,2,H2A,2019-08-09,E-littoral,221,2019,15.69176923076923,11.906102040816329,15,35.47747175617967,35.47747175617967,133.29999364011059,133.29999364011059,0,0,47,47,176.59374783362082,176.59374783362082,0,0.7548398245995674,0.7548398245995674,0
0,2,H2A,2019-08-09,E-shore,221,2019,15.69176923076923,11.906102040816329,15,31.498462739707293,18.487035970173284,118.34960821707598,69.46159507037997,13.011426769534008,1,27,26,101.44747215973962,97.69015837604556,1,1.16660973110027,0.7110398450066648,13.011426769534008
0,2,H2A,2019-08-09,N-littoral,221,2019,15.69176923076923,11.906102040816329,15,5.996058557754165,5.996058557754165,22.52907346688645,22.52907346688645,0,0,10,10,37.5731378369406,37.5731378369406,0,0.5996058557754165,0.5996058557754165,0
0,2,H2A,2019-08-09,N-shore,221,2019,15.69176923076923,11.906102040816329,15,1.144666461643074,1.144666461643074,4.30087107406383,4.30087107406383,0,0,1,1,3.75731378369406,3.75731378369406,0,1.144666461643074,1.144666461643074,0
0,2,H2A,2019-08-09,S-littoral,221,2019,15.69176923076923,11.906102040816329,15,9.848021181308065,9.848021181308065,37.002105726639854,37.002105726639854,0,0,19,19,71.38896189018715,71.38896189018715,0,0.5183169042793718,0.5183169042793718,0
0,2,H2A,2019-08-09,S-shore,221,2019,15.69176923076923,11.906102040816329,15,32.60642948637138,19.59500271683737,122.51258694619163,73.62457379949561,13.011426769534012,1,32,31,120.23404107820993,116.47672729451587,1,1.0189509214491057,0.6320968618334636,13.011426769534012
0,2,H2A,2019-08-09,W-littoral,221,2019,15.69176923076923,11.906102040816329,15,2.289332923286148,2.289332923286148,8.60174214812766,8.60174214812766,0,0,2,2,7.51462756738812,7.51462756738812,0,1.144666461643074,1.144666461643074,0
1,2,H2P,2019-08-09,E-shore,221,2019,16.832,13.372795918367348,24,6.8781440230068736,6.8781440230068736,25.84334534387664,25.84334534387664,0,0,3,3,11.27194135108218,11.27194135108218,0,2.2927146743356244,2.2927146743356244,0
1,2,H2P,2019-08-09,N-littoral,221,2019,16.832,13.372795918367348,24,2.8076498275655197,2.8076498275655197,10.549221396898178,10.549221396898178,0,0,3,3,11.27194135108218,11.27194135108218,0,0.9358832758551732,0.9358832758551732,0
1,2,H2P,2019-08-09,N-shore,221,2019,16.832,13.372795918367348,24,1.5052685884250012,1.5052685884250012,5.655766415450958,5.655766415450958,0,0,2,2,7.51462756738812,7.51462756738812,0,0.7526342942125005,0.7526342942125005,0
1,2,H2P,2019-08-09,S-littoral,221,2019,16.832,13.372795918367348,24,8.022810484649948,8.022810484649948,30.144216417940473,30.144216417940473,0,0,4,4,15.02925513477624,15.02925513477624,0,2.005702621162487,2.005702621162487,0
1,2,H2P,2019-08-09,S-shore,221,2019,16.832,13.372795918367348,24,3.3293484828943676,3.3293484828943676,12.509406945499915,12.509406945499915,0,0,3,3,11.27194135108218,11.27194135108218,0,1.1097828276314559,1.1097828276314559,0
1,2,H2P,2019-08-09,W-littoral,221,2019,16.832,13.372795918367348,24,14.452029892675428,14.452029892675428,54.30081111810797,54.30081111810797,0,0,13,13,48.84507918802278,48.84507918802278,0,1.1116946071288791,1.1116946071288791,0
0,3,H3A,2019-08-10,E-littoral,222,2019,17.717826923076924,15.92922448979592,25,1.554950712838115,1.554950712838115,5.842437746311554,5.842437746311554,0,0,3,3,11.27194135108218,11.27194135108218,0,0.5183169042793717,0.5183169042793717,0
0,3,H3A,2019-08-10,E-shore,222,2019,17.717826923076924,15.92922448979592,25,10.906501351009087,10.906501351009087,40.979147858024334,40.979147858024334,0,0,15,15,56.3597067554109,56.3597067554109,0,0.7271000900672726,0.7271000900672726,0
0,3,H3A,2019-08-10,N-littoral,222,2019,17.717826923076924,15.92922448979592,25,2.5915845213968587,2.5915845213968587,9.73739624385259,9.73739624385259,0,0,5,5,18.7865689184703,18.7865689184703,0,0.5183169042793717,0.5183169042793717,0
0,3,H3A,2019-08-10,N-shore,222,2019,17.717826923076924,15.92922448979592,25,5.528917815738941,5.528917815738941,20.77387911798758,20.77387911798758,0,0,9,9,33.81582405324654,33.81582405324654,0,0.6143242017487713,0.6143242017487713,0
0,3,H3A,2019-08-10,S-littoral,222,2019,17.717826923076924,15.92922448979592,25,2.1813002702018176,2.1813002702018176,8.195829571604866,8.195829571604866,0,0,3,3,11.27194135108218,11.27194135108218,0,0.7271000900672725,0.7271000900672725,0
0,3,H3A,2019-08-10,S-shore,222,2019,17.717826923076924,15.92922448979592,25,0,0,0,0,0,0,0,0,0,0,0,0,0,0
0,3,H3A,2019-08-10,W-littoral,222,2019,17.717826923076924,15.92922448979592,25,1.554950712838115,1.554950712838115,5.842437746311554,5.842437746311554,0,0,3,3,11.27194135108218,11.27194135108218,0,0.5183169042793717,0.5183169042793717,0
0,3,H3A,2019-08-10,W-shore,222,2019,17.717826923076924,15.92922448979592,25,4.6797471250613505,0,17.58327837719566,0,4.6797471250613505,1,1,0,3.75731378369406,0,1,4.67974712506135,0,4.6797471250613505
1,3,H3P,2019-08-10,E-shore,222,2019,17.264115384615383,15.07569387755102,21,0.716032352958541,0.716032352958541,2.6903582293420163,2.6903582293420163,0,0,1,1,3.75731378369406,3.75731378369406,0,0.716032352958541,0.716032352958541,0
1,3,H3P,2019-08-10,N-shore,222,2019,17.264115384615383,15.07569387755102,21,9.3594942501227,0,35.166556754391316,0,9.3594942501227,1,2,0,7.51462756738812,0,2,4.679747125061349,0,4.67974712506135
1,3,H3P,2019-08-10,S-littoral,222,2019,17.264115384615383,15.07569387755102,21,0,0,0,0,0,0,0,0,0,0,0,0,0,0
1,3,H3P,2019-08-10,S-shore,222,2019,17.264115384615383,15.07569387755102,21,0.5183169042793717,0.5183169042793717,1.9474792487705181,1.9474792487705181,0,0,1,1,3.75731378369406,3.75731378369406,0,0.5183169042793717,0.5183169042793717,0
1,3,H3P,2019-08-10,W-littoral,222,2019,17.264115384615383,15.07569387755102,21,0,0,0,0,0,0,0,0,0,0,0,0,0,0
0,1,H1A,2019-08-16,E-littoral,228,2019,14.12001923076923,13.086666666666666,22,17.11543585619366,17.11543585619366,64.30806305640799,64.30806305640799,0,0,190,190,713.8896189018714,713.8896189018714,0,0.0900812413483877,0.0900812413483877,0
0,1,H1A,2019-08-16,E-shore,228,2019,14.12001923076923,13.086666666666666,22,21.569544500113118,8.558117730579108,81.04354685827742,32.15553371158141,13.01142676953401,1,18,17,67.63164810649307,63.87433432279902,1,1.1983080277840623,0.5034186900340651,13.01142676953401
0,1,H1A,2019-08-16,N-littoral,228,2019,14.12001923076923,13.086666666666666,22,0.716032352958541,0.716032352958541,2.6903582293420163,2.6903582293420163,0,0,1,1,3.75731378369406,3.75731378369406,0,0.716032352958541,0.716032352958541,0
0,1,H1A,2019-08-16,N-shore,228,2019,14.12001923076923,13.086666666666666,22,1.0366338085587434,1.0366338085587434,3.8949584975410363,3.8949584975410363,0,0,2,2,7.51462756738812,7.51462756738812,0,0.5183169042793717,0.5183169042793717,0
0,1,H1A,2019-08-16,S-littoral,228,2019,14.12001923076923,13.086666666666666,22,8.621379578599115,8.621379578599115,32.39322832512894,32.39322832512894,0,0,31,31,116.47672729451587,116.47672729451587,0,0.2781090186644875,0.2781090186644875,0
0,1,H1A,2019-08-16,S-shore,228,2019,14.12001923076923,13.086666666666666,22,7.798316954995683,3.1185698299343327,29.30072378462037,11.717445407424709,4.6797471250613505,1,4,3,15.02925513477624,11.27194135108218,1,1.9495792387489206,1.0395232766447775,4.6797471250613505
0,1,H1A,2019-08-16,W-littoral,228,2019,14.12001923076923,13.086666666666666,22,41.03289085467254,41.03289085467254,154.17344639307507,154.17344639307507,0,0,28,28,105.20478594343368,105.20478594343368,0,1.4654603876668764,1.4654603876668764,0
0,1,H1A,2019-08-16,W-shore,228,2019,14.12001923076923,13.086666666666666,22,43.455739130971715,7.045576736130951,163.27684761741335,26.47244258473903,36.41016239484076,1,26,20,97.69015837604556,75.1462756738812,6,1.6713745819604506,0.35227883680654754,6.0683603991401265
1,1,H1P,2019-08-16,E-littoral,228,2019,14.12001923076923,13.086666666666666,19,1.8512322022548102,1.8512322022548102,6.955660270350308,6.955660270350308,0,0,10,10,37.5731378369406,37.5731378369406,0,0.185123220225481,0.185123220225481,0
1,1,H1P,2019-08-16,E-shore,228,2019,14.12001923076923,13.086666666666666,19,4.541966131593312,4.541966131593312,17.06559195130714,17.06559195130714,0,0,8,8,30.05851026955248,30.05851026955248,0,0.567745766449164,0.567745766449164,0
1,1,H1P,2019-08-16,N-littoral,228,2019,14.12001923076923,13.086666666666666,19,24.037995694504552,24.037995694504552,90.31829255534042,90.31829255534042,0,0,21,21,78.90358945757526,78.90358945757526,0,1.1446664616430737,1.1446664616430737,0
1,1,H1P,2019-08-16,N-shore,228,2019,14.12001923076923,13.086666666666666,19,3.433999384929222,3.433999384929222,12.902613222191489,12.902613222191489,0,0,3,3,11.27194135108218,11.27194135108218,0,1.144666461643074,1.144666461643074,0
1,1,H1P,2019-08-16,S-littoral,228,2019,14.12001923076923,13.086666666666666,19,8.012665231501519,8.012665231501519,30.106097518446813,30.106097518446813,0,0,7,7,26.30119648585842,26.30119648585842,0,1.1446664616430742,1.1446664616430742,0
1,1,H1P,2019-08-16,S-shore,228,2019,14.12001923076923,13.086666666666666,19,5.801839612727785,5.801839612727785,21.799331947684315,21.799331947684315,0,0,6,6,22.54388270216436,22.54388270216436,0,0.9669732687879642,0.9669732687879642,0
1,1,H1P,2019-08-16,W-littoral,228,2019,14.12001923076923,13.086666666666666,19,38.026582001353574,38.026582001353574,142.87780070045824,142.87780070045824,0,0,52,52,195.38031675209112,195.38031675209112,0,0.7312804231029534,0.7312804231029534,0
1,1,H1P,2019-08-16,W-shore,228,2019,14.12001923076923,13.086666666666666,19,0.07850730451241512,0.07850730451241512,0.29497657736516425,0.29497657736516425,0,0,1,1,3.75731378369406,3.75731378369406,0,0.07850730451241512,0.07850730451241512,0
0,3,H3A,2019-08-17,E-littoral,229,2019,17.717826923076924,16.789529411764704,32,2.5915845213968587,2.5915845213968587,9.73739624385259,9.73739624385259,0,0,5,5,18.7865689184703,18.7865689184703,0,0.5183169042793717,0.5183169042793717,0
0,3,H3A,2019-08-17,E-shore,229,2019,17.717826923076924,16.789529411764704,32,0,0,0,0,0,0,0,0,0,0,0,0,0,0
0,3,H3A,2019-08-17,N-littoral,229,2019,17.717826923076924,16.789529411764704,32,19.69604236261613,19.69604236261613,74.00421145327971,74.00421145327971,0,0,38,38,142.7779237803743,142.7779237803743,0,0.5183169042793718,0.5183169042793718,0
0,3,H3A,2019-08-17,N-shore,229,2019,17.717826923076924,16.789529411764704,32,6.451072268194981,6.451072268194981,24.238702752895506,24.238702752895506,0,0,8,8,30.05851026955248,30.05851026955248,0,0.8063840335243726,0.8063840335243726,0
0,3,H3A,2019-08-17,S-littoral,229,2019,17.717826923076924,16.789529411764704,32,2.1316181457887033,2.1316181457887033,8.00915824074427,8.00915824074427,0,0,2,2,7.51462756738812,7.51462756738812,0,1.0658090728943517,1.0658090728943517,0
0,3,H3A,2019-08-17,S-shore,229,2019,17.717826923076924,16.789529411764704,32,3.590313825481438,3.590313825481438,13.489935624268757,13.489935624268757,0,0,7,7,26.30119648585842,26.30119648585842,0,0.5129019750687769,0.5129019750687769,0
0,3,H3A,2019-08-17,W-littoral,229,2019,17.717826923076924,16.789529411764704,32,5.72333230821537,5.72333230821537,21.50435537031915,21.50435537031915,0,0,5,5,18.7865689184703,18.7865689184703,0,1.144666461643074,1.144666461643074,0
0,3,H3A,2019-08-17,W-shore,229,2019,17.717826923076924,16.789529411764704,32,4.4706331934879655,4.4706331934879655,16.797571719732527,16.797571719732527,0,0,5,5,18.7865689184703,18.7865689184703,0,0.8941266386975931,0.8941266386975931,0
1,3,H3P,2019-08-17,E-littoral,229,2019,17.264115384615383,16.117117647058823,28,5.291201695878048,5.291201695878048,19.880705064227975,19.880705064227975,0,0,9,9,33.81582405324654,33.81582405324654,0,0.5879112995420054,0.5879112995420054,0
1,3,H3P,2019-08-17,E-shore,229,2019,17.264115384615383,16.117117647058823,28,4.6648521385143455,4.6648521385143455,17.527313238934664,17.527313238934664,0,0,9,9,33.81582405324654,33.81582405324654,0,0.5183169042793718,0.5183169042793718,0
1,3,H3P,2019-08-17,N-littoral,229,2019,17.264115384615383,16.117117647058823,28,55.66002251182609,55.66002251182609,209.13216978440585,209.13216978440585,0,0,49,49,184.10837540100894,184.10837540100894,0,1.135918826771961,1.135918826771961,0
1,3,H3P,2019-08-17,N-shore,229,2019,17.264115384615383,16.117117647058823,28,3.433999384929222,3.433999384929222,12.902613222191489,12.902613222191489,0,0,3,3,11.27194135108218,11.27194135108218,0,1.144666461643074,1.144666461643074,0
1,3,H3P,2019-08-17,S-littoral,229,2019,17.264115384615383,16.117117647058823,28,19.177725458336752,19.177725458336752,72.05673220450916,72.05673220450916,0,0,37,37,139.02060999668024,139.02060999668024,0,0.5183169042793716,0.5183169042793716,0
1,3,H3P,2019-08-17,S-shore,229,2019,17.264115384615383,16.117117647058823,28,0.716032352958541,0.716032352958541,2.6903582293420163,2.6903582293420163,0,0,1,1,3.75731378369406,3.75731378369406,0,0.716032352958541,0.716032352958541,0
1,3,H3P,2019-08-17,W-littoral,229,2019,17.264115384615383,16.117117647058823,28,6.688437631218719,6.688437631218719,25.13055890315614,25.13055890315614,0,0,12,12,45.08776540432872,45.08776540432872,0,0.5573698026015599,0.5573698026015599,0
1,3,H3P,2019-08-17,W-shore,229,2019,17.264115384615383,16.117117647058823,28,21.907506697224278,21.907506697224278,82.31337687985071,82.31337687985071,0,0,29,29,108.96209972712774,108.96209972712774,0,0.7554312654215268,0.7554312654215268,0
0,2,H2A,2019-08-19,E-littoral,231,2019,15.69176923076923,14.353549019607843,25,27.674157636411884,18.314663386289183,103.9804939394126,68.81393718502127,9.359494250122701,1,18,16,67.63164810649307,60.11702053910496,2,1.5374532020228826,1.144666461643074,4.6797471250613505
0,2,H2A,2019-08-19,E-shore,231,2019,15.69176923076923,14.353549019607843,25,43.08566588459918,43.08566588459918,161.88636630784143,161.88636630784143,0,0,90,90,338.1582405324654,338.1582405324654,0,0.4787296209399909,0.4787296209399909,0
0,2,H2A,2019-08-19,N-littoral,231,2019,15.69176923076923,14.353549019607843,25,7.944518496995599,7.944518496995599,29.85004885357398,29.85004885357398,0,0,11,11,41.33045162063466,41.33045162063466,0,0.7222289542723271,0.7222289542723271,0
0,2,H2A,2019-08-19,N-shore,231,2019,15.69176923076923,14.353549019607843,25,33.255576009523516,10.884654989866808,124.95163412526821,40.89706422418089,22.370921019656706,1,24,21,90.17553080865744,78.90358945757526,3,1.3856490003968132,0.5183169042793718,7.456973673218902
0,2,H2A,2019-08-19,S-littoral,231,2019,15.69176923076923,14.353549019607843,25,21.877342632817943,21.877342632817943,82.20004102488456,82.20004102488456,0,0,41,41,154.04986513145647,154.04986513145647,0,0.5335937227516572,0.5335937227516572,0
0,2,H2A,2019-08-19,S-shore,231,2019,15.69176923076923,14.353549019607843,25,89.86950090890879,72.17832701431342,337.66791449874887,271.1966229748572,17.691173894595366,1,76,74,285.5558475607486,278.04121999336047,2,1.1824934330119576,0.9753827974907219,8.845586947297683
0,2,H2A,2019-08-19,W-littoral,231,2019,15.69176923076923,14.353549019607843,25,18.091409525364895,18.091409525364895,67.97510237610753,67.97510237610753,0,0,34,34,127.74866864559804,127.74866864559804,0,0.532100280157791,0.532100280157791,0
0,2,H2A,2019-08-19,W-shore,231,2019,15.69176923076923,14.353549019607843,25,10.962246809048539,10.962246809048539,41.1886010358943,41.1886010358943,0,0,16,16,60.11702053910496,60.11702053910496,0,0.6851404255655337,0.6851404255655337,0
1,2,H2P,2019-08-19,E-littoral,231,2019,16.832,15.441196078431371,34,103.42906664644462,103.42906664644462,388.615457745298,388.615457745298,0,0,121,121,454.63496782698127,454.63496782698127,0,0.8547856747640052,0.8547856747640052,0
1,2,H2P,2019-08-19,E-shore,231,2019,16.832,15.441196078431371,34,9.157331693144592,9.157331693144592,34.40696859251064,34.40696859251064,0,0,8,8,30.05851026955248,30.05851026955248,0,1.144666461643074,1.144666461643074,0
1,2,H2P,2019-08-19,N,231,2019,16.832,15.441196078431371,34,16.391921991913513,16.391921991913513,61.58959444145444,61.58959444145444,0,0,28,28,105.20478594343368,105.20478594343368,0,0.5854257854254826,0.5854257854254826,0
1,2,H2P,2019-08-19,N-shore,231,2019,16.832,15.441196078431371,34,6.3018066595176645,6.3018066595176645,23.67786502398074,23.67786502398074,0,0,9,9,33.81582405324654,33.81582405324654,0,0.7002007399464072,0.7002007399464072,0
1,2,H2P,2019-08-19,S littoral,231,2019,16.832,15.441196078431371,34,9.848021181308065,9.848021181308065,37.002105726639854,37.002105726639854,0,0,19,19,71.38896189018715,71.38896189018715,0,0.5183169042793718,0.5183169042793718,0
1,2,H2P,2019-08-19,S-shore,231,2019,16.832,15.441196078431371,34,12.305454316012584,7.625707190951234,46.23545311617165,28.652174738975983,4.6797471250613505,1,13,12,48.84507918802278,45.08776540432872,1,0.9465734089240451,0.6354755992459362,4.6797471250613505
1,2,H2P,2019-08-19,W,231,2019,16.832,15.441196078431371,34,9.280022152615576,9.280022152615576,34.86795514700873,34.86795514700873,0,0,17,17,63.87433432279902,63.87433432279902,0,0.5458836560362104,0.5458836560362104,0
1,2,H2P,2019-08-19,W-shore,231,2019,16.832,15.441196078431371,34,5.565617530717925,5.565617530717925,20.91177146293576,20.91177146293576,0,0,5,5,18.7865689184703,18.7865689184703,0,1.1131235061435851,1.1131235061435851,0
0,1,H1A,2019-08-21,E-littoral,233,2019,14.12001923076923,12.935711538461538,27,53.584356589454465,53.584356589454465,201.3332416039349,201.3332416039349,0,0,103,103,387.0033197204882,387.0033197204882,0,0.5202364717422764,0.5202364717422764,0
0,1,H1A,2019-08-21,E-shore,233,2019,14.12001923076923,12.935711538461538,27,153.42180366669402,153.42180366669402,576.4538576360733,576.4538576360733,0,0,296,296,1112.1648799734419,1112.1648799734419,0,0.5183169042793716,0.5183169042793716,0
0,1,H1A,2019-08-21,N-littoral,233,2019,14.12001923076923,12.935711538461538,27,77.22921873762638,77.22921873762638,290.1744080668072,290.1744080668072,0,0,149,149,559.839753770415,559.839753770415,0,0.5183169042793717,0.5183169042793717,0
0,1,H1A,2019-08-21,N-shore,233,2019,14.12001923076923,12.935711538461538,27,19.69604236261613,19.69604236261613,74.00421145327971,74.00421145327971,0,0,38,38,142.7779237803743,142.7779237803743,0,0.5183169042793718,0.5183169042793718,0
0,1,H1A,2019-08-21,S-littoral,233,2019,14.12001923076923,12.935711538461538,27,13.27077195526185,8.5910248302005,49.86245438776592,32.27917601057026,4.6797471250613505,1,15,14,56.3597067554109,52.60239297171684,1,0.88471813035079,0.6136446307286072,4.6797471250613505
0,1,H1A,2019-08-21,S-shore,233,2019,14.12001923076923,12.935711538461538,27,32.77586828124686,2.073267617117487,123.14922166566976,7.789916995082073,30.70260066412937,1,7,4,26.30119648585842,15.02925513477624,3,4.68226689732098,0.5183169042793717,10.234200221376456
0,1,H1A,2019-08-21,W-littoral,233,2019,14.12001923076923,12.935711538461538,27,75.1559511205089,75.1559511205089,282.38449107172517,282.38449107172517,0,0,145,145,544.8104986356387,544.8104986356387,0,0.5183169042793717,0.5183169042793717,0
0,1,H1A,2019-08-21,W-shore,233,2019,14.12001923076923,12.935711538461538,27,23.864423957993377,23.864423957993377,89.66612907728728,89.66612907728728,0,0,40,40,150.2925513477624,150.2925513477624,0,0.5966105989498345,0.5966105989498345,0
1,1,H1P,2019-08-21,E-littoral,233,2019,14.12001923076923,12.935711538461538,24,25.956304709992295,25.956304709992295,97.5259814606171,97.5259814606171,0,0,77,77,289.3131613444426,289.3131613444426,0,0.3370948663635363,0.3370948663635363,0
1,1,H1P,2019-08-21,E-shore,233,2019,14.12001923076923,12.935711538461538,24,17.072380141424574,17.072380141424574,64.1462892258393,64.1462892258393,0,0,55,55,206.6522581031733,206.6522581031733,0,0.310406911662265,0.310406911662265,0
1,1,H1P,2019-08-21,N-littoral,233,2019,14.12001923076923,12.935711538461538,24,212.6033119622469,212.6033119622469,798.8173544947584,798.8173544947584,0,0,241,241,905.5126218702685,905.5126218702685,0,0.8821714189304849,0.8821714189304849,0
1,1,H1P,2019-08-21,N-shore,233,2019,14.12001923076923,12.935711538461538,24,15.895451448776424,15.895451448776424,59.72419882652737,59.72419882652737,0,0,21,21,78.90358945757526,78.90358945757526,0,0.7569262594655439,0.7569262594655439,0
1,1,H1P,2019-08-21,S-littoral,233,2019,14.12001923076923,12.935711538461538,24,9.869867542450343,9.869867542450343,37.08418936048329,37.08418936048329,0,0,13,13,48.84507918802278,48.84507918802278,0,0.7592205801884879,0.7592205801884879,0
1,1,H1P,2019-08-21,S-shore,233,2019,14.12001923076923,12.935711538461538,24,0.8323461223290323,0.8323461223290323,3.1273855582311754,3.1273855582311754,0,0,5,5,18.7865689184703,18.7865689184703,0,0.16646922446580645,0.16646922446580645,0
1,1,H1P,2019-08-21,W-littoral,233,2019,14.12001923076923,12.935711538461538,24,48.28957453865609,48.28957453865609,181.43908402281426,181.43908402281426,0,0,87,87,326.8862991813832,326.8862991813832,0,0.555052580904093,0.555052580904093,0
1,1,H1P,2019-08-21,W-shore,233,2019,14.12001923076923,12.935711538461538,24,4.578665846572296,4.578665846572296,17.20348429625532,17.20348429625532,0,0,4,4,15.02925513477624,15.02925513477624,0,1.144666461643074,1.144666461643074,0
0,1,H1A,2019-08-29,E. 10:05 - SH,241,2019,14.12001923076923,13.602592592592591,35,30.508421133315352,17.49699436378134,114.62971124294893,65.7416980962529,13.011426769534012,1,39,38,146.53523756406835,142.7779237803743,1,0.7822672085465474,0.4604472200995089,13.011426769534012
0,1,H1A,2019-08-29,E. 10:15,241,2019,14.12001923076923,13.602592592592591,35,358.35469630572504,358.35469630572504,1346.4510398809996,1346.4510398809996,0,0,691,691,2596.3038245325956,2596.3038245325956,0,0.5186030337275326,0.5186030337275326,0
0,1,H1A,2019-08-29,N. SH 10:30,241,2019,14.12001923076923,13.602592592592591,35,119.15214551133695,119.15214551133695,447.69199868646666,447.69199868646666,0,0,132,132,495.96541944761594,495.96541944761594,0,0.9026677690252799,0.9026677690252799,0
0,1,H1A,2019-08-29,S. SH 9:40,241,2019,14.12001923076923,13.602592592592591,35,32.95868874337902,6.935835204311001,123.83613550798026,26.06010921458823,26.02285353906802,1,15,13,56.3597067554109,48.84507918802278,2,2.197245916225268,0.5335257849470001,13.01142676953401
0,1,H1A,2019-08-29,S.9:40,241,2019,14.12001923076923,13.602592592592591,35,32.653964969600416,32.653964969600416,122.69119267254263,122.69119267254263,0,0,63,63,236.7107683727258,236.7107683727258,0,0.5183169042793716,0.5183169042793716,0
0,1,H1A,2019-08-29,W - littoral,241,2019,14.12001923076923,13.602592592592591,35,16.34947516005231,11.66972803499096,61.4301083750282,43.846829997832536,4.6797471250613505,1,32,31,120.23404107820993,116.47672729451587,1,0.5109210987516347,0.3764428398384181,4.6797471250613505
0,1,H1A,2019-08-29,W. SH 10:55,241,2019,14.12001923076923,13.602592592592591,35,232.7242900214379,232.7242900214379,874.4181826979626,874.4181826979626,0,0,449,449,1687.033888878633,1687.033888878633,0,0.5183169042793717,0.5183169042793717,0
1,1,H1P,2019-08-29,E-littoral,241,2019,14.12001923076923,13.602592592592591,32,25.371499464770086,25.371499464770086,95.32868465196711,95.32868465196711,0,0,47,47,176.59374783362082,176.59374783362082,0,0.5398191375482997,0.5398191375482997,0
1,1,H1P,2019-08-29,E-shore,241,2019,14.12001923076923,13.602592592592591,32,1.0366338085587434,1.0366338085587434,3.8949584975410363,3.8949584975410363,0,0,2,2,7.51462756738812,7.51462756738812,0,0.5183169042793717,0.5183169042793717,0
1,1,H1P,2019-08-29,N-littoral,241,2019,14.12001923076923,13.602592592592591,32,3.10990142567623,3.10990142567623,11.684875492623108,11.684875492623108,0,0,6,6,22.54388270216436,22.54388270216436,0,0.5183169042793717,0.5183169042793717,0
1,1,H1P,2019-08-29,N-shore,241,2019,14.12001923076923,13.602592592592591,32,12.159200465736493,12.159200465736493,45.68593150861096,45.68593150861096,0,0,15,15,56.3597067554109,56.3597067554109,0,0.8106133643824329,0.8106133643824329,0
1,1,H1P,2019-08-29,S-emerg 13:25,241,2019,14.12001923076923,13.602592592592591,32,5.291201695878048,5.291201695878048,19.880705064227975,19.880705064227975,0,0,9,9,33.81582405324654,33.81582405324654,0,0.5879112995420054,0.5879112995420054,0
1,1,H1P,2019-08-29,S-shoreline 13:23,241,2019,14.12001923076923,13.602592592592591,32,4.851392096111091,4.851392096111091,18.22820239282262,18.22820239282262,0,0,9,9,33.81582405324654,33.81582405324654,0,0.5390435662345657,0.5390435662345657,0
1,1,H1P,2019-08-29,W-littoral 12:57,241,2019,14.12001923076923,13.602592592592591,32,12.431926715275287,12.431926715275287,46.710649605178254,46.710649605178254,0,0,20,20,75.1462756738812,75.1462756738812,0,0.6215963357637643,0.6215963357637643,0
1,1,H1P,2019-08-29,W-shore,241,2019,14.12001923076923,13.602592592592591,32,10.884654989866808,10.884654989866808,40.89706422418089,40.89706422418089,0,0,21,21,78.90358945757526,78.90358945757526,0,0.5183169042793718,0.5183169042793718,0
0,1,H1A,2019-08-30,E. 16:00,242,2019,14.12001923076923,13.88224074074074,36,492.4010590654031,492.4010590654031,1850.1052863319921,1850.1052863319921,0,0,950,950,3569.448094509357,3569.448094509357,0,0.5183169042793717,0.5183169042793717,0
0,1,H1A,2019-08-30,E. SH 16:10,242,2019,14.12001923076923,13.88224074074074,36,18.155986636325014,13.476239511263664,68.21773884522914,50.63446046803347,4.6797471250613505,1,27,26,101.44747215973962,97.69015837604556,1,0.6724439494935192,0.5183169042793717,4.6797471250613505
0,1,H1A,2019-08-30,N. 16:36,242,2019,14.12001923076923,13.88224074074074,36,51.63867063553787,51.63867063553787,194.02268895054414,194.02268895054414,0,0,67,67,251.74002350750203,251.74002350750203,0,0.7707264273960875,0.7707264273960875,0
0,1,H1A,2019-08-30,N. SH 16:50,242,2019,14.12001923076923,13.88224074074074,36,176.74606435926574,176.74606435926574,664.0904238307467,664.0904238307467,0,0,341,341,1281.2440002396745,1281.2440002396745,0,0.5183169042793717,0.5183169042793717,0
0,1,H1A,2019-08-30,S shoreline,242,2019,14.12001923076923,13.88224074074074,36,13.476239511263664,13.476239511263664,50.63446046803347,50.63446046803347,0,0,26,26,97.69015837604556,97.69015837604556,0,0.5183169042793717,0.5183169042793717,0
0,1,H1A,2019-08-30,S. 15:10,242,2019,14.12001923076923,13.88224074074074,36,91.25356512626342,81.89407087614073,342.86827806013315,307.70172130574184,9.359494250122694,1,160,158,601.1702053910496,593.6555778236615,2,0.5703347820391463,0.5183169042793717,4.679747125061347
0,1,H1A,2019-08-30,W shore 17:20,242,2019,14.12001923076923,13.88224074074074,36,776.136471012388,776.136471012388,2916.188260562511,2916.188260562511,0,0,1495,1495,5617.18410662262,5617.18410662262,0,0.5191548301086207,0.5191548301086207,0
0,1,H1A,2019-08-30,W. 17:30,242,2019,14.12001923076923,13.88224074074074,36,9.977900195534673,9.977900195534673,37.49010193700608,37.49010193700608,0,0,12,12,45.08776540432872,45.08776540432872,0,0.8314916829612227,0.8314916829612227,0
1,1,H1P,2019-08-30,E-littoral 18:35,242,2019,14.12001923076923,13.88224074074074,33,52.86832423649592,52.86832423649592,198.64288337459288,198.64288337459288,0,0,102,102,383.2460059367941,383.2460059367941,0,0.5183169042793718,0.5183169042793718,0
1,1,H1P,2019-08-30,E-shore,242,2019,14.12001923076923,13.88224074074074,33,16.321737436397562,11.641990311336212,61.325889043611916,43.74261066641625,4.6797471250613505,1,22,21,82.66090324126932,78.90358945757526,1,0.7418971561998892,0.5543804910160101,4.6797471250613505
1,1,H1P,2019-08-30,N-littoral,242,2019,14.12001923076923,13.88224074074074,33,17.12630420236155,17.12630420236155,64.34889884327055,64.34889884327055,0,0,27,27,101.44747215973962,101.44747215973962,0,0.6343075630504277,0.6343075630504277,0
1,1,H1P,2019-08-30,N-shore,242,2019,14.12001923076923,13.88224074074074,33,19.69604236261613,19.69604236261613,74.00421145327971,74.00421145327971,0,0,38,38,142.7779237803743,142.7779237803743,0,0.5183169042793718,0.5183169042793718,0
1,1,H1P,2019-08-30,S-littoral,242,2019,14.12001923076923,13.88224074074074,33,17.18296514573168,17.18296514573168,64.56179178679226,64.56179178679226,0,0,34,34,127.74866864559804,127.74866864559804,0,0.5053813278156376,0.5053813278156376,0
1,1,H1P,2019-08-30,S-shore,242,2019,14.12001923076923,13.88224074074074,33,26.248530546740135,12.209289171556083,98.6239656249813,45.874130493394304,14.039241375184051,1,28,25,105.20478594343368,93.9328445923515,3,0.9374475195264335,0.48837156686224337,4.6797471250613505
1,1,H1P,2019-08-30,W-littoral 19:13,242,2019,14.12001923076923,13.88224074074074,33,23.95061024993543,23.95061024993543,89.98995801996662,89.98995801996662,0,0,45,45,169.0791202662327,169.0791202662327,0,0.5322357833318984,0.5322357833318984,0
1,1,H1P,2019-08-30,W-shore 19:19,242,2019,14.12001923076923,13.88224074074074,33,39.39208472523225,39.39208472523225,148.0084229065594,148.0084229065594,0,0,76,76,285.5558475607486,285.5558475607486,0,0.5183169042793717,0.5183169042793717,0
0,2,H2A,2019-09-01,E-littoral,244,2019,15.69176923076923,13.669185185185183,38,79.00023475663316,79.00023475663316,296.82867096616434,296.82867096616434,0,0,150,150,563.597067554109,563.597067554109,0,0.5266682317108877,0.5266682317108877,0
0,2,H2A,2019-09-01,E-shore,244,2019,15.69176923076923,13.669185185185183,38,43.94685417972094,30.93542741018693,165.12212095945839,116.23410781276239,13.011426769534008,1,62,61,232.95345458903174,229.19614080533768,1,0.7088202287051764,0.5071381542653595,13.011426769534008
0,2,H2A,2019-09-01,N-emerg.,244,2019,15.69176923076923,13.669185185185183,38,73.08268350339141,73.08268350339141,274.594574076643,274.594574076643,0,0,141,141,529.7812435008625,529.7812435008625,0,0.5183169042793716,0.5183169042793716,0
0,2,H2A,2019-09-01,N-shore,244,2019,15.69176923076923,13.669185185185183,38,2.5915845213968587,2.5915845213968587,9.73739624385259,9.73739624385259,0,0,5,5,18.7865689184703,18.7865689184703,0,0.5183169042793717,0.5183169042793717,0
0,2,H2A,2019-09-01,S-emerg.,244,2019,15.69176923076923,13.669185185185183,38,181.4109164977801,181.4109164977801,681.6177370696813,681.6177370696813,0,0,350,350,1315.0598242929211,1315.0598242929211,0,0.5183169042793717,0.5183169042793717,0
0,2,H2A,2019-09-01,S-shore,244,2019,15.69176923076923,13.669185185185183,38,45.82449801181088,41.144750886749534,172.17701801063808,154.59373963344242,4.679747125061347,1,80,79,300.5851026955248,296.82778891183074,1,0.572806225147636,0.5208196314778423,4.679747125061347
0,2,H2A,2019-09-01,W-emerg.,244,2019,15.69176923076923,13.669185185185183,38,214.13597440898542,204.7764801588627,804.5760482316394,769.409491477248,9.359494250122708,1,396,394,1487.896258342848,1480.3816307754596,2,0.5407474101237005,0.5197372592864535,4.679747125061354
0,2,H2A,2019-09-01,W-shore,244,2019,15.69176923076923,13.669185185185183,38,54.99509601616312,41.983669246629105,206.63383229710797,157.74581915041196,13.011426769534012,1,82,81,308.09973026291294,304.34241647921885,1,0.6706719026361355,0.5183169042793717,13.011426769534012
1,2,H2P,2019-09-01,E-emerg,244,2019,16.832,15.657092592592592,47,9.329704277028693,9.329704277028693,35.054626477869334,35.054626477869334,0,0,18,18,67.63164810649307,67.63164810649307,0,0.5183169042793719,0.5183169042793719,0
1,2,H2P,2019-09-01,E-shore,244,2019,16.832,15.657092592592592,47,0.15701460902483025,0.15701460902483025,0.5899531547303285,0.5899531547303285,0,0,2,2,7.51462756738812,7.51462756738812,0,0.07850730451241512,0.07850730451241512,0
1,2,H2P,2019-09-01,N-littoral,244,2019,16.832,15.657092592592592,47,25.915845213968584,25.915845213968584,97.3739624385259,97.3739624385259,0,0,50,50,187.865689184703,187.865689184703,0,0.5183169042793717,0.5183169042793717,0
1,2,H2P,2019-09-01,N-shore,244,2019,16.832,15.657092592592592,47,1.1151411130711586,1.1151411130711586,4.1899350749062005,4.1899350749062005,0,0,3,3,11.27194135108218,11.27194135108218,0,0.37171370435705287,0.37171370435705287,0
1,2,H2P,2019-09-01,S-littoral,244,2019,16.832,15.657092592592592,47,5.654212869868208,5.654212869868208,21.244651951896167,21.244651951896167,0,0,16,16,60.11702053910496,60.11702053910496,0,0.353388304366763,0.353388304366763,0
1,2,H2P,2019-09-01,S-shore,244,2019,16.832,15.657092592592592,47,5.049709673646786,5.049709673646786,18.973343760446305,18.973343760446305,0,0,10,10,37.5731378369406,37.5731378369406,0,0.5049709673646786,0.5049709673646786,0
1,2,H2P,2019-09-01,W-emerg.,244,2019,16.832,15.657092592592592,47,49.09077883642557,49.09077883642557,184.44945997437844,184.44945997437844,0,0,50,50,187.865689184703,187.865689184703,0,0.9818155767285114,0.9818155767285114,0
1,2,H2P,2019-09-01,W-shore,244,2019,16.832,15.657092592592592,47,4.821866747539175,4.821866747539175,18.11726639366499,18.11726639366499,0,0,11,11,41.33045162063466,41.33045162063466,0,0.4383515225035614,0.4383515225035614,0
0,1,H1A,2019-09-05,N 4m,248,2019,14.12001923076923,11.898254545454543,42,66.97091330512328,66.97091330512328,251.6307356679196,251.6307356679196,0,0,128,128,480.9361643128397,480.9361643128397,0,0.5232102601962756,0.5232102601962756,0
0,1,H1A,2019-09-05,N1,248,2019,14.12001923076923,11.898254545454543,42,3.217934078760561,3.217934078760561,12.090788069145903,12.090788069145903,0,0,5,5,18.7865689184703,18.7865689184703,0,0.6435868157521122,0.6435868157521122,0
0,1,H1A,2019-09-05,N2,248,2019,14.12001923076923,11.898254545454543,42,5.399234348962378,5.399234348962378,20.286617640750766,20.286617640750766,0,0,8,8,30.05851026955248,30.05851026955248,0,0.6749042936202971,0.6749042936202971,0
0,1,H1A,2019-09-05,N-shore,248,2019,14.12001923076923,11.898254545454543,42,9.848021181308065,9.848021181308065,37.002105726639854,37.002105726639854,0,0,19,19,71.38896189018715,71.38896189018715,0,0.5183169042793718,0.5183169042793718,0
0,1,H1A,2019-09-05,S 1 m,248,2019,14.12001923076923,11.898254545454543,42,2.025994539912606,2.025994539912606,7.61229721050254,7.61229721050254,0,0,9,9,33.81582405324654,33.81582405324654,0,0.22511050443473402,0.22511050443473402,0
0,1,H1A,2019-09-05,S 4m,248,2019,14.12001923076923,11.898254545454543,42,8.81138737274932,8.81138737274932,33.10714722909881,33.10714722909881,0,0,17,17,63.87433432279902,63.87433432279902,0,0.5183169042793717,0.5183169042793717,0
0,1,H1A,2019-09-05,S2,248,2019,14.12001923076923,11.898254545454543,42,10.474370738671766,10.474370738671766,39.35549755193316,39.35549755193316,0,0,19,19,71.38896189018715,71.38896189018715,0,0.5512826704564088,0.5512826704564088,0
0,1,H1A,2019-09-05,S-shore,248,2019,14.12001923076923,11.898254545454543,42,10.690436044840425,10.690436044840425,40.16732270497874,40.16732270497874,0,0,17,17,63.87433432279902,63.87433432279902,0,0.6288491791082602,0.6288491791082602,0
1,1,H1P,2019-09-05,N 1m,248,2019,14.12001923076923,11.898254545454543,39,0.7538388178166171,0.7538388178166171,2.8324089808660107,2.8324089808660107,0,0,4,4,15.02925513477624,15.02925513477624,0,0.18845970445415425,0.18845970445415425,0
1,1,H1P,2019-09-05,N 2m,248,2019,14.12001923076923,11.898254545454543,39,3.7362509830399326,3.7362509830399326,14.038267317916421,14.038267317916421,0,0,6,6,22.54388270216436,22.54388270216436,0,0.6227084971733221,0.6227084971733221,0
1,1,H1P,2019-09-05,N 4m,248,2019,14.12001923076923,11.898254545454543,39,3.7362509830399326,3.7362509830399326,14.038267317916421,14.038267317916421,0,0,6,6,22.54388270216436,22.54388270216436,0,0.6227084971733221,0.6227084971733221,0
1,1,H1P,2019-09-05,N shoreline,248,2019,14.12001923076923,11.898254545454543,39,2.5915845213968587,2.5915845213968587,9.73739624385259,9.73739624385259,0,0,5,5,18.7865689184703,18.7865689184703,0,0.5183169042793717,0.5183169042793717,0
1,1,H1P,2019-09-05,S 0m shoreline,248,2019,14.12001923076923,11.898254545454543,39,8.098851523443567,8.098851523443567,30.429926461126154,30.429926461126154,0,0,12,12,45.08776540432872,45.08776540432872,0,0.6749042936202974,0.6749042936202974,0
1,1,H1P,2019-09-05,S 1m,248,2019,14.12001923076923,11.898254545454543,39,15.13922287718611,15.13922287718611,56.88281079086782,56.88281079086782,0,0,28,28,105.20478594343368,105.20478594343368,0,0.5406865313280754,0.5406865313280754,0
1,1,H1P,2019-08-04,W - SH,216,2019,14.12001923076923,9.194734693877551,7,0,0,0,0,0,0,0,0,0,0,0,0,0,0
1,3,H3P,2019-08-01,N - shore,213,2019,17.264115384615383,13.843468085106382,12,16.04900272034937,16.04900272034937,60.301139135712155,60.301139135712155,0,0,7,7,26.30119648585842,26.30119648585842,0,2.2927146743356244,2.2927146743356244,0
1,3,H3P,2019-08-01,S - shore,213,2019,17.264115384615383,13.843468085106382,12,0.716032352958541,0.716032352958541,2.6903582293420163,2.6903582293420163,0,0,1,1,3.75731378369406,3.75731378369406,0,0.716032352958541,0.716032352958541,0
1,2,H2P,2019-08-29,W - littoral,241,2019,16.832,16.104166666666668,44,4.6648521385143455,4.6648521385143455,17.527313238934664,17.527313238934664,0,0,9,9,33.81582405324654,33.81582405324654,0,0.5183169042793718,0.5183169042793718,0
1,1,H1P,2019-08-04,E - SH,216,2019,14.12001923076923,9.194734693877551,7,0.716032352958541,0.716032352958541,2.6903582293420163,2.6903582293420163,0,0,1,1,3.75731378369406,3.75731378369406,0,0.716032352958541,0.716032352958541,0
1,1,H1P,2019-08-04,N - SH,216,2019,14.12001923076923,9.194734693877551,7,7.39768242976865,7.39768242976865,27.795414160761112,27.795414160761112,0,0,8,8,30.05851026955248,30.05851026955248,0,0.9247103037210811,0.9247103037210811,0
1,1,H1P,2019-08-04,S - SH,216,2019,14.12001923076923,9.194734693877551,7,0,0,0,0,0,0,0,0,0,0,0,0,0,0
1,1,H1P,2019-09-05,S 4m,248,2019,14.12001923076923,11.898254545454543,39,5.91755125324175,5.91755125324175,22.234096889521286,22.234096889521286,0,0,9,9,33.81582405324654,33.81582405324654,0,0.6575056948046389,0.6575056948046389,0
0,3,H3A,2019-08-01,N -shore,213,2019,17.717826923076924,15.861191489361705,16,168.76916291328922,111.01589410444178,634.1187020766099,417.12154912773923,57.75326880884744,1,133,126,499.72273323131,473.4215367454516,7,1.268941074536009,0.8810785246384267,8.250466972692491
0,2,H2A,2021-07-21,N - silt/cobble,202,2021,16.791620689655172,16.034125,51,2.2927146743356244,2.2927146743356244,8.61444844795888,8.61444844795888,0,0,1,1,3.75731378369406,3.75731378369406,0,2.2927146743356244,2.2927146743356244,0
1,2,H2P,2021-06-18,N-Cobble,169,2021,16.762206896551724,13.534310344827588,21,0,0,0,0,0,0,0,0,0,0,0,0,0,0
1,1,H1P,2021-07-22,N - sand,203,2021,14.983258064516129,15,45,32.050660926006074,32.050660926006074,120.42439007378725,120.42439007378725,0,0,28,28,105.20478594343368,105.20478594343368,0,1.1446664616430742,1.1446664616430742,0
0,1,H1A,2021-07-05,E - boulder/sand,186,2021,14.983258064516129,12.926310344827586,32,17.14815056350383,17.14815056350383,64.430982477114,64.430982477114,0,0,21,21,78.90358945757526,78.90358945757526,0,0.816578598262087,0.816578598262087,0
0,1,H1A,2021-07-05,N #1 (matches w CO's),186,2021,14.983258064516129,12.926310344827586,32,24.32539393877856,24.32539393877856,91.39813793996063,91.39813793996063,0,0,22,22,82.66090324126932,82.66090324126932,0,1.1056997244899347,1.1056997244899347,0
0,1,H1A,2021-07-05,N #2 (no substrate),186,2021,14.983258064516129,12.926310344827586,32,17.16999692464611,17.16999692464611,64.51306611095745,64.51306611095745,0,0,15,15,56.3597067554109,56.3597067554109,0,1.1446664616430742,1.1446664616430742,0
0,1,H1A,2021-07-05,S-boulder,186,2021,14.983258064516129,12.926310344827586,32,4.585429348671249,4.585429348671249,17.22889689591776,17.22889689591776,0,0,2,2,7.51462756738812,7.51462756738812,0,2.2927146743356244,2.2927146743356244,0
0,1,H1A,2021-07-05,S-S,186,2021,14.983258064516129,12.926310344827586,32,19.237411450538016,19.237411450538016,72.28099120570043,72.28099120570043,0,0,14,14,52.60239297171684,52.60239297171684,0,1.3741008178955727,1.3741008178955727,0
0,1,H1A,2021-07-05,W-boulder,186,2021,14.983258064516129,12.926310344827586,32,4.578665846572296,4.578665846572296,17.20348429625532,17.20348429625532,0,0,4,4,15.02925513477624,15.02925513477624,0,1.144666461643074,1.144666461643074,0
0,1,H1A,2021-07-22,E - B/C,203,2021,14.983258064516129,15,49,3.433999384929222,3.433999384929222,12.902613222191489,12.902613222191489,0,0,3,3,11.27194135108218,11.27194135108218,0,1.144666461643074,1.144666461643074,0
0,1,H1A,2021-07-22,E - B/T,203,2021,14.983258064516129,15,49,10.38050545930008,10.38050545930008,39.002816243939634,39.002816243939634,0,0,10,10,37.5731378369406,37.5731378369406,0,1.038050545930008,1.038050545930008,0
0,1,H1A,2021-07-22,N - boulder/cobble,203,2021,14.983258064516129,15,49,21.529526836237967,21.529526836237967,80.89318793820809,80.89318793820809,0,0,51,51,191.62300296839706,191.62300296839706,0,0.4221475850242739,0.4221475850242739,0
0,1,H1A,2021-07-22,N - sand,203,2021,14.983258064516129,15,49,63.75297922636272,63.75297922636272,239.53994759877372,239.53994759877372,0,0,123,123,462.1495953943694,462.1495953943694,0,0.5183169042793717,0.5183169042793717,0
0,1,H1A,2021-07-22,S - boulder,203,2021,14.983258064516129,15,49,28.723133840214178,28.723133840214178,107.92182668872603,107.92182668872603,0,0,54,54,202.89494431947924,202.89494431947924,0,0.5319098859298922,0.5319098859298922,0
0,1,H1A,2021-07-22,S - boulder/sand,203,2021,14.983258064516129,15,49,13.908370123600989,13.908370123600989,52.25811077412465,52.25811077412465,0,0,22,22,82.66090324126932,82.66090324126932,0,0.6321986419818632,0.6321986419818632,0
0,1,H1A,2021-07-22,W - boulder,203,2021,14.983258064516129,15,49,177.46366999508234,168.10417574495963,666.7866933774569,631.6201366230655,9.359494250122708,1,169,167,634.9860294442962,627.471401876908,2,1.050080887544866,1.0066118308081415,4.679747125061354
0,1,H1A,2021-07-22,W - silt,203,2021,14.983258064516129,15,49,41.28649992366307,41.28649992366307,155.12633524366302,155.12633524366302,0,0,37,37,139.02060999668024,139.02060999668024,0,1.115851349288191,1.115851349288191,0
1,1,H1P,2021-07-05,E - B/T,186,2021,14.983258064516129,12.926310344827586,28,33.34585361039096,33.34585361039096,125.2908353993663,125.2908353993663,0,0,45,45,169.0791202662327,169.0791202662327,0,0.7410189691197991,0.7410189691197991,0
1,1,H1P,2021-07-05,E - cobble/sand,186,2021,14.983258064516129,12.926310344827586,28,27.428302357149214,27.428302357149214,103.05673850984502,103.05673850984502,0,0,36,36,135.26329621298615,135.26329621298615,0,0.7618972876985893,0.7618972876985893,0
1,1,H1P,2021-07-05,N - CS,186,2021,14.983258064516129,12.926310344827586,28,12.241204273901696,12.241204273901696,45.99404554734548,45.99404554734548,0,0,12,12,45.08776540432872,45.08776540432872,0,1.0201003561584747,1.0201003561584747,0
1,1,H1P,2021-07-05,N-Sand,186,2021,14.983258064516129,12.926310344827586,28,20.47411729534872,20.47411729534872,76.9276831227827,76.9276831227827,0,0,25,25,93.9328445923515,93.9328445923515,0,0.8189646918139488,0.8189646918139488,0
1,1,H1P,2021-07-05,S - cobble,186,2021,14.983258064516129,12.926310344827586,28,1.0366338085587434,1.0366338085587434,3.8949584975410363,3.8949584975410363,0,0,2,2,7.51462756738812,7.51462756738812,0,0.5183169042793717,0.5183169042793717,0
1,1,H1P,2021-07-05,S - silt,186,2021,14.983258064516129,12.926310344827586,28,1.0366338085587434,1.0366338085587434,3.8949584975410363,3.8949584975410363,0,0,2,2,7.51462756738812,7.51462756738812,0,0.5183169042793717,0.5183169042793717,0
1,1,H1P,2021-07-05,W - B/T,186,2021,14.983258064516129,12.926310344827586,28,12.748345687098645,12.748345687098645,47.89953496943246,47.89953496943246,0,0,13,13,48.84507918802278,48.84507918802278,0,0.9806419759306649,0.9806419759306649,0
1,1,H1P,2021-07-05,W - silt,186,2021,14.983258064516129,12.926310344827586,28,51.16404645354305,51.16404645354305,192.2393769694605,192.2393769694605,0,0,54,54,202.89494431947924,202.89494431947924,0,0.9474823417322787,0.9474823417322787,0
1,1,H1P,2021-07-22,E - cobble,203,2021,14.983258064516129,15,45,2.289332923286148,2.289332923286148,8.60174214812766,8.60174214812766,0,0,2,2,7.51462756738812,7.51462756738812,0,1.144666461643074,1.144666461643074,0
1,1,H1P,2021-07-22,E - sand,203,2021,14.983258064516129,15,45,0.3140292180496605,0.3140292180496605,1.179906309460657,1.179906309460657,0,0,4,4,15.02925513477624,15.02925513477624,0,0.07850730451241512,0.07850730451241512,0
1,1,H1P,2021-07-22,N - cobble,203,2021,14.983258064516129,15,45,3.433999384929222,3.433999384929222,12.902613222191489,12.902613222191489,0,0,3,3,11.27194135108218,11.27194135108218,0,1.144666461643074,1.144666461643074,0
1,1,H1P,2021-07-22,S - C/S,203,2021,14.983258064516129,15,45,2.1813002702018176,2.1813002702018176,8.195829571604866,8.195829571604866,0,0,3,3,11.27194135108218,11.27194135108218,0,0.7271000900672725,0.7271000900672725,0
1,1,H1P,2021-07-22,S - Cobble/boulder,203,2021,14.983258064516129,15,45,16.025330463003037,16.025330463003037,60.212195036893625,60.212195036893625,0,0,14,14,52.60239297171684,52.60239297171684,0,1.1446664616430742,1.1446664616430742,0
1,1,H1P,2021-07-22,W - boulder,203,2021,14.983258064516129,15,45,22.741603857492585,22.741603857492585,85.4473416370669,85.4473416370669,0,0,33,33,123.99135486190399,123.99135486190399,0,0.6891395108331086,0.6891395108331086,0
1,1,H1P,2021-07-22,W - cobble/boulder,203,2021,14.983258064516129,15,45,8.8332337338916,8.8332337338916,33.18923086294226,33.18923086294226,0,0,11,11,41.33045162063466,41.33045162063466,0,0.8030212485356001,0.8030212485356001,0
0,2,H2A,2021-06-18,E-Cobble,169,2021,16.791620689655172,13.534310344827588,18,15.60301129093087,2.5915845213968587,58.625409390548604,9.73739624385259,13.01142676953401,1,6,5,22.54388270216436,18.7865689184703,1,2.6005018818218115,0.5183169042793717,13.01142676953401
0,2,H2A,2021-06-18,N-Sand,169,2021,16.791620689655172,13.534310344827588,18,42.363628791496396,3.3293484828943676,159.17344638558794,12.509406945499915,39.03428030860203,1,6,3,22.54388270216436,11.27194135108218,3,7.060604798582732,1.1097828276314559,13.01142676953401
0,2,H2A,2021-06-18,S-Sand,169,2021,16.791620689655172,13.534310344827588,18,8.545730642461201,8.545730642461201,32.10899153465617,32.10899153465617,0,0,8,8,30.05851026955248,30.05851026955248,0,1.0682163303076502,1.0682163303076502,0
0,2,H2A,2021-06-18,W-Cobble,169,2021,16.791620689655172,13.534310344827588,18,72.08214722655332,7.025013378883274,270.83524533259333,26.395179599113305,65.05713384767004,1,13,8,48.84507918802278,30.05851026955248,5,5.544780555888717,0.8781266723604091,13.011426769534008
0,2,H2A,2021-06-18,W-sand,169,2021,16.791620689655172,13.534310344827588,18,15.822458348149006,2.811031578614996,59.44994084342541,10.561927696729398,13.01142676953401,1,3,2,11.27194135108218,7.51462756738812,1,5.274152782716335,1.405515789307498,13.01142676953401
0,2,H2A,2021-07-04,E - cobble/boulder,185,2021,16.791620689655172,13.85855172413793,34,1.144666461643074,1.144666461643074,4.30087107406383,4.30087107406383,0,0,1,1,3.75731378369406,3.75731378369406,0,1.144666461643074,1.144666461643074,0
0,2,H2A,2021-07-04,E-sand/boulder,185,2021,16.791620689655172,13.85855172413793,34,0.5183169042793717,0.5183169042793717,1.9474792487705181,1.9474792487705181,0,0,1,1,3.75731378369406,3.75731378369406,0,0.5183169042793717,0.5183169042793717,0
0,2,H2A,2021-07-04,N - boulder/sand,185,2021,16.791620689655172,13.85855172413793,34,2.289332923286148,2.289332923286148,8.60174214812766,8.60174214812766,0,0,2,2,7.51462756738812,7.51462756738812,0,1.144666461643074,1.144666461643074,0
0,2,H2A,2021-07-04,S - cobble,185,2021,16.791620689655172,13.85855172413793,34,5.824413586704424,1.144666461643074,21.884149451259493,4.30087107406383,4.6797471250613505,1,2,1,7.51462756738812,3.75731378369406,1,2.912206793352212,1.144666461643074,4.6797471250613505
0,2,H2A,2021-07-04,S-boulder,185,2021,16.791620689655172,13.85855172413793,34,2.289332923286148,2.289332923286148,8.60174214812766,8.60174214812766,0,0,2,2,7.51462756738812,7.51462756738812,0,1.144666461643074,1.144666461643074,0
0,2,H2A,2021-07-04,W - sand/boulder,185,2021,16.791620689655172,13.85855172413793,34,1.0366338085587434,1.0366338085587434,3.8949584975410363,3.8949584975410363,0,0,2,2,7.51462756738812,7.51462756738812,0,0.5183169042793717,0.5183169042793717,0
0,2,H2A,2021-07-04,W-sand/cobble,185,2021,16.791620689655172,13.85855172413793,34,1.0366338085587434,1.0366338085587434,3.8949584975410363,3.8949584975410363,0,0,2,2,7.51462756738812,7.51462756738812,0,0.5183169042793717,0.5183169042793717,0
0,2,H2A,2021-07-21,E - B/T,202,2021,16.791620689655172,16.034125,51,2.289332923286148,2.289332923286148,8.60174214812766,8.60174214812766,0,0,2,2,7.51462756738812,7.51462756738812,0,1.144666461643074,1.144666461643074,0
0,2,H2A,2021-07-21,E - cobble/sand,202,2021,16.791620689655172,16.034125,51,34.534212794318606,34.534212794318606,129.75587374111706,129.75587374111706,0,0,34,34,127.74866864559804,127.74866864559804,0,1.0157121410093708,1.0157121410093708,0
0,2,H2A,2021-07-21,N - silt/boulder,202,2021,16.791620689655172,16.034125,51,2.289332923286148,2.289332923286148,8.60174214812766,8.60174214812766,0,0,2,2,7.51462756738812,7.51462756738812,0,1.144666461643074,1.144666461643074,0
0,2,H2A,2021-07-21,S - cobble/boulder,202,2021,16.791620689655172,16.034125,51,6.969080048347498,2.289332923286148,26.18502052532332,8.60174214812766,4.6797471250613505,1,3,2,11.27194135108218,7.51462756738812,1,2.3230266827824995,1.144666461643074,4.6797471250613505
0,2,H2A,2021-07-21,S - silt/boulder,202,2021,16.791620689655172,16.034125,51,1.144666461643074,1.144666461643074,4.30087107406383,4.30087107406383,0,0,1,1,3.75731378369406,3.75731378369406,0,1.144666461643074,1.144666461643074,0
0,2,H2A,2021-07-21,W - silt/boulder,202,2021,16.791620689655172,16.034125,51,5.402616100011855,5.402616100011855,20.29932394058199,20.29932394058199,0,0,7,7,26.30119648585842,26.30119648585842,0,0.7718023000016936,0.7718023000016936,0
1,2,H2P,2021-06-18,E-boulder,169,2021,16.762206896551724,13.534310344827588,21,3.3293484828943676,3.3293484828943676,12.509406945499915,12.509406945499915,0,0,3,3,11.27194135108218,11.27194135108218,0,1.1097828276314559,1.1097828276314559,0
1,2,H2P,2021-06-18,N-sand,169,2021,16.762206896551724,13.534310344827588,21,2.289332923286148,2.289332923286148,8.60174214812766,8.60174214812766,0,0,2,2,7.51462756738812,7.51462756738812,0,1.144666461643074,1.144666461643074,0
1,2,H2P,2021-06-18,S-boulder/cobble,169,2021,16.762206896551724,13.534310344827588,21,1.8606988146016148,1.8606988146016148,6.991229303405846,6.991229303405846,0,0,2,2,7.51462756738812,7.51462756738812,0,0.9303494073008074,0.9303494073008074,0
1,2,H2P,2021-06-18,W-boulder,169,2021,16.762206896551724,13.534310344827588,21,2.1813002702018176,2.1813002702018176,8.195829571604866,8.195829571604866,0,0,3,3,11.27194135108218,11.27194135108218,0,0.7271000900672725,0.7271000900672725,0
1,2,H2P,2021-06-18,W-cobble,169,2021,16.762206896551724,13.534310344827588,21,1.144666461643074,1.144666461643074,4.30087107406383,4.30087107406383,0,0,1,1,3.75731378369406,3.75731378369406,0,1.144666461643074,1.144666461643074,0
1,2,H2P,2021-07-04,E - C70 T30,185,2021,16.762206896551724,13.532206896551724,37,3.9523162892085937,3.9523162892085937,14.850092470962007,14.850092470962007,0,0,4,4,15.02925513477624,15.02925513477624,0,0.9880790723021483,0.9880790723021483,0
1,2,H2P,2021-07-04,E - T70 C30,185,2021,16.762206896551724,13.532206896551724,37,4.146535234234974,4.146535234234974,15.579833990164145,15.579833990164145,0,0,8,8,30.05851026955248,30.05851026955248,0,0.5183169042793717,0.5183169042793717,0
1,2,H2P,2021-07-04,N - silt 2,185,2021,16.762206896551724,13.532206896551724,37,4.578665846572296,4.578665846572296,17.20348429625532,17.20348429625532,0,0,4,4,15.02925513477624,15.02925513477624,0,1.144666461643074,1.144666461643074,0
1,2,H2P,2021-07-04,N-Silt 1,185,2021,16.762206896551724,13.532206896551724,37,3.628218329955602,3.628218329955602,13.632354741393627,13.632354741393627,0,0,7,7,26.30119648585842,26.30119648585842,0,0.5183169042793717,0.5183169042793717,0
1,2,H2P,2021-07-04,S - C50 G50,185,2021,16.762206896551724,13.532206896551724,37,1.144666461643074,1.144666461643074,4.30087107406383,4.30087107406383,0,0,1,1,3.75731378369406,3.75731378369406,0,1.144666461643074,1.144666461643074,0
1,2,H2P,2021-07-04,S-cobble,185,2021,16.762206896551724,13.532206896551724,37,6.638788988588699,6.638788988588699,24.944013373860667,24.944013373860667,0,0,14,14,52.60239297171684,52.60239297171684,0,0.4741992134706214,0.4741992134706214,0
1,2,H2P,2021-07-04,W-sand/cobble,185,2021,16.762206896551724,13.532206896551724,37,2.073267617117487,2.073267617117487,7.789916995082073,7.789916995082073,0,0,4,4,15.02925513477624,15.02925513477624,0,0.5183169042793717,0.5183169042793717,0
1,2,H2P,2021-07-21,E - boulder,202,2021,16.762206896551724,15.65625,54,5.8095186001574195,5.8095186001574195,21.82818431299849,21.82818431299849,0,0,10,10,37.5731378369406,37.5731378369406,0,0.5809518600157418,0.5809518600157418,0
1,2,H2P,2021-07-21,E - cobble,202,2021,16.762206896551724,15.65625,54,1.144666461643074,1.144666461643074,4.30087107406383,4.30087107406383,0,0,1,1,3.75731378369406,3.75731378369406,0,1.144666461643074,1.144666461643074,0
1,2,H2P,2021-07-21,N - sand,202,2021,16.762206896551724,15.65625,54,1.144666461643074,1.144666461643074,4.30087107406383,4.30087107406383,0,0,1,1,3.75731378369406,3.75731378369406,0,1.144666461643074,1.144666461643074,0
1,2,H2P,2021-07-21,S - boulder,202,2021,16.762206896551724,15.65625,54,1.144666461643074,1.144666461643074,4.30087107406383,4.30087107406383,0,0,1,1,3.75731378369406,3.75731378369406,0,1.144666461643074,1.144666461643074,0
1,2,H2P,2021-07-21,S - boulder/silt,202,2021,16.762206896551724,15.65625,54,1.144666461643074,1.144666461643074,4.30087107406383,4.30087107406383,0,0,1,1,3.75731378369406,3.75731378369406,0,1.144666461643074,1.144666461643074,0
0,3,H3A,2021-06-19,E-Sand/Cobble,170,2021,16.443793103448275,14.213833333333334,25,26.750806060300373,13.739379290766363,100.51117233529318,51.62315918859718,13.01142676953401,1,12,11,45.08776540432872,41.33045162063466,1,2.2292338383583643,1.2490344809787604,13.01142676953401
0,3,H3A,2021-06-19,N-Boulder,170,2021,16.443793103448275,14.213833333333334,25,21.16766495067349,8.15623818113948,79.53355928778315,30.645546141087138,13.01142676953401,1,9,8,33.81582405324654,30.05851026955248,1,2.3519627722970546,1.019529772642435,13.01142676953401
0,3,H3A,2021-06-19,N-C/G,170,2021,16.443793103448275,14.213833333333334,25,0,0,0,0,0,0,0,0,0,0,0,0,0,0
0,3,H3A,2021-06-19,S-Cobble/Gravel,170,2021,16.443793103448275,14.213833333333334,25,41.323613231888174,2.289332923286148,155.26578158821567,8.60174214812766,39.03428030860203,1,5,2,18.7865689184703,7.51462756738812,3,8.264722646377633,1.144666461643074,13.01142676953401
0,3,H3A,2021-06-19,S-Sand,170,2021,16.443793103448275,14.213833333333334,25,26.258375452605264,0.2355219135372454,98.66095602548751,0.8849297320954927,26.02285353906802,1,5,3,18.7865689184703,11.27194135108218,2,5.2516750905210525,0.07850730451241512,13.01142676953401
0,3,H3A,2021-06-19,W-boulder,170,2021,16.443793103448275,14.213833333333334,25,4.578665846572296,4.578665846572296,17.20348429625532,17.20348429625532,0,0,4,4,15.02925513477624,15.02925513477624,0,1.144666461643074,1.144666461643074,0
0,3,H3A,2021-06-19,W-S,170,2021,16.443793103448275,14.213833333333334,25,14.156093231177085,1.144666461643074,53.188884220759846,4.30087107406383,13.011426769534012,1,2,1,7.51462756738812,3.75731378369406,1,7.078046615588542,1.144666461643074,13.011426769534012
0,3,H3A,2021-07-03,E - S/C,184,2021,16.443793103448275,13.33493103448276,39,1.144666461643074,1.144666461643074,4.30087107406383,4.30087107406383,0,0,1,1,3.75731378369406,3.75731378369406,0,1.144666461643074,1.144666461643074,0
0,3,H3A,2021-07-03,N - cobble,184,2021,16.443793103448275,13.33493103448276,39,2.289332923286148,2.289332923286148,8.60174214812766,8.60174214812766,0,0,2,2,7.51462756738812,7.51462756738812,0,1.144666461643074,1.144666461643074,0
0,3,H3A,2021-07-03,S - B/T,184,2021,16.443793103448275,13.33493103448276,39,18.835840356238435,1.144666461643074,70.77216259795551,4.30087107406383,17.691173894595362,1,3,1,11.27194135108218,3.75731378369406,2,6.278613452079479,1.144666461643074,8.845586947297681
0,3,H3A,2021-07-03,S - sand,184,2021,16.443793103448275,13.33493103448276,39,1.0366338085587434,1.0366338085587434,3.8949584975410363,3.8949584975410363,0,0,2,2,7.51462756738812,7.51462756738812,0,0.5183169042793717,0.5183169042793717,0
0,3,H3A,2021-07-03,W - B/C,184,2021,16.443793103448275,13.33493103448276,39,1.2343492572379127,1.2343492572379127,4.637837478112535,4.637837478112535,0,0,2,2,7.51462756738812,7.51462756738812,0,0.6171746286189563,0.6171746286189563,0
0,3,H3A,2021-07-19,E - silt/cobble,200,2021,16.443793103448275,15.044935483870969,55,3.433999384929222,3.433999384929222,12.902613222191489,12.902613222191489,0,0,3,3,11.27194135108218,11.27194135108218,0,1.144666461643074,1.144666461643074,0
0,3,H3A,2021-07-19,E - TB,200,2021,16.443793103448275,15.044935483870969,55,1.144666461643074,1.144666461643074,4.30087107406383,4.30087107406383,0,0,1,1,3.75731378369406,3.75731378369406,0,1.144666461643074,1.144666461643074,0
0,3,H3A,2021-07-19,N - cobble,200,2021,16.443793103448275,15.044935483870969,55,5.824413586704424,1.144666461643074,21.884149451259493,4.30087107406383,4.6797471250613505,1,2,1,7.51462756738812,3.75731378369406,1,2.912206793352212,1.144666461643074,4.6797471250613505
0,3,H3A,2021-07-19,S - boulder/cobble,200,2021,16.443793103448275,15.044935483870969,55,2.289332923286148,2.289332923286148,8.60174214812766,8.60174214812766,0,0,2,2,7.51462756738812,7.51462756738812,0,1.144666461643074,1.144666461643074,0
0,3,H3A,2021-07-19,W - boulder/cobble,200,2021,16.443793103448275,15.044935483870969,55,2.289332923286148,2.289332923286148,8.60174214812766,8.60174214812766,0,0,2,2,7.51462756738812,7.51462756738812,0,1.144666461643074,1.144666461643074,0
1,3,H3P,2021-06-19,N-boulder + cobble,170,2021,15.784387096774193,13.108333333333334,20,11.964981520710111,11.964981520710111,44.95618998940882,44.95618998940882,0,0,11,11,41.33045162063466,41.33045162063466,0,1.0877255927918283,1.0877255927918283,0
1,3,H3P,2021-06-19,N-cobble/sand,170,2021,15.784387096774193,13.108333333333334,20,6.87138052090792,6.87138052090792,25.817932744214197,25.817932744214197,0,0,5,5,18.7865689184703,18.7865689184703,0,1.3742761041815839,1.3742761041815839,0
1,3,H3P,2021-06-19,W-cobble,170,2021,15.784387096774193,13.108333333333334,20,10.301998154787665,10.301998154787665,38.707839666574465,38.707839666574465,0,0,9,9,33.81582405324654,33.81582405324654,0,1.144666461643074,1.144666461643074,0
1,3,H3P,2021-06-19,W-Cobble/Sand,170,2021,15.784387096774193,13.108333333333334,20,8.72520108080727,8.72520108080727,32.783318286419465,32.783318286419465,0,0,12,12,45.08776540432872,45.08776540432872,0,0.7271000900672725,0.7271000900672725,0
1,3,H3P,2021-07-03,E - gravel,184,2021,15.784387096774193,13.69996551724138,34,0.5183169042793717,0.5183169042793717,1.9474792487705181,1.9474792487705181,0,0,1,1,3.75731378369406,3.75731378369406,0,0.5183169042793717,0.5183169042793717,0
1,3,H3P,2021-07-03,E - S60 G40,184,2021,15.784387096774193,13.69996551724138,34,1.7526661615172845,1.7526661615172845,6.585316726883053,6.585316726883053,0,0,3,3,11.27194135108218,11.27194135108218,0,0.5842220538390949,0.5842220538390949,0
1,3,H3P,2021-07-03,N - cobble,184,2021,15.784387096774193,13.69996551724138,34,13.938160096694995,4.578665846572296,52.37004105064664,17.20348429625532,9.3594942501227,1,6,4,22.54388270216436,15.02925513477624,2,2.3230266827824995,1.144666461643074,4.67974712506135
1,3,H3P,2021-07-03,N - sand,184,2021,15.784387096774193,13.69996551724138,34,4.578665846572296,4.578665846572296,17.20348429625532,17.20348429625532,0,0,4,4,15.02925513477624,15.02925513477624,0,1.144666461643074,1.144666461643074,0
1,3,H3P,2021-07-03,W - cobble,184,2021,15.784387096774193,13.69996551724138,34,3.3259667318448916,3.3259667318448916,12.496700645668696,12.496700645668696,0,0,4,4,15.02925513477624,15.02925513477624,0,0.8314916829612228,0.8314916829612228,0
1,3,H3P,2021-07-03,W - sand,184,2021,15.784387096774193,13.69996551724138,34,0.5183169042793717,0.5183169042793717,1.9474792487705181,1.9474792487705181,0,0,1,1,3.75731378369406,3.75731378369406,0,0.5183169042793717,0.5183169042793717,0
1,3,H3P,2021-07-19,E - sand/gravel,200,2021,15.784387096774193,15.266903225806452,50,1.144666461643074,1.144666461643074,4.30087107406383,4.30087107406383,0,0,1,1,3.75731378369406,3.75731378369406,0,1.144666461643074,1.144666461643074,0
1,3,H3P,2021-07-19,S - cobble,200,2021,15.784387096774193,15.266903225806452,50,1.144666461643074,1.144666461643074,4.30087107406383,4.30087107406383,0,0,1,1,3.75731378369406,3.75731378369406,0,1.144666461643074,1.144666461643074,0
0,2,H2A,2021-06-18,N-Sand/Boulder,169,2021,16.791620689655172,13.534310344827588,18,26.101360843580434,0.07850730451241512,98.07100287075718,0.29497657736516425,26.02285353906802,1,3,1,11.27194135108218,3.75731378369406,2,8.700453614526811,0.07850730451241512,13.01142676953401
0,3,H3A,2021-07-03,N - B/C,184,2021,16.443793103448275,13.33493103448276,39,2.960855052436888,2.960855052436888,11.12486150004132,11.12486150004132,0,0,3,3,11.27194135108218,11.27194135108218,0,0.9869516841456294,0.9869516841456294,0
0,3,H3A,2021-07-03,E - cobble,184,2021,16.443793103448275,13.33493103448276,39,0,0,0,0,0,0,0,0,0,0,0,0,0,0
0,2,H2A,2021-06-18,E-S/G,169,2021,16.791620689655172,13.534310344827588,18,13.089934074046425,0.07850730451241512,49.18298972406118,0.29497657736516425,13.01142676953401,1,2,1,7.51462756738812,3.75731378369406,1,6.544967037023213,0.07850730451241512,13.01142676953401
0,2,H2A,2021-06-18,S-Boulder,169,2021,16.791620689655172,13.534310344827588,18,39.03428030860203,0,146.66403944008803,0,39.03428030860203,1,3,0,11.27194135108218,0,3,13.01142676953401,0,13.01142676953401
0,3,H3A,2021-06-19,E-boulder,170,2021,16.443793103448275,14.213833333333334,25,13.01142676953401,0,48.88801314669601,0,13.01142676953401,1,1,0,3.75731378369406,0,1,13.01142676953401,0,13.01142676953401
0,3,H3A,2021-07-03,W - sand,184,2021,16.443793103448275,13.33493103448276,39,13.01142676953401,0,48.88801314669601,0,13.01142676953401,1,1,0,3.75731378369406,0,1,13.01142676953401,0,13.01142676953401
1,3,H3P,2021-06-19,S-Sand,170,2021,15.784387096774193,13.108333333333334,20,0,0,0,0,0,0,0,0,0,0,0,0,0,0
0,1,H1A,2021-07-05,W - CT,186,2021,14.983258064516129,12.926310344827586,32,0.716032352958541,0.716032352958541,2.6903582293420163,2.6903582293420163,0,0,1,1,3.75731378369406,3.75731378369406,0,0.716032352958541,0.716032352958541,0
0,1,H1A,2021-07-05,E,186,2021,14.983258064516129,12.926310344827586,32,0,0,0,0,0,0,0,0,0,0,0,0,0,0
0,2,H2A,2021-07-04,N - sand,185,2021,16.791620689655172,13.85855172413793,34,0,0,0,0,0,0,0,0,0,0,0,0,0,0
1,2,H2P,2021-07-04,W - silt,185,2021,16.762206896551724,13.532206896551724,37,0,0,0,0,0,0,0,0,0,0,0,0,0,0
1,3,H3P,2021-07-03,S - G80 S20,184,2021,15.784387096774193,13.69996551724138,34,0,0,0,0,0,0,0,0,0,0,0,0,0,0
1,3,H3P,2021-07-03,S - S50 G50,184,2021,15.784387096774193,13.69996551724138,34,0,0,0,0,0,0,0,0,0,0,0,0,0,0
